[
{
  "model": "quiz_app.quiz",
  "pk": 1,
  "fields": {
    "unique_id": "1001",
    "title": "World Capitals",
    "description": "How well do you know the capitals of the world?",
    "music": 13,
    "average_time_per_question": 5,
    "created_at": "2024-12-29T18:53:13.465Z",
    "author": 20,
    "slug": "world-capitals",
    "page_background": 78,
    "next_quizzes": [
      2,
      3,
      4
    ]
  }
},
{
  "model": "quiz_app.quiz",
  "pk": 2,
  "fields": {
    "unique_id": "1002",
    "title": "Famous Landmarks",
    "description": "Test your knowledge of the world's most iconic landmarks!",
    "music": 12,
    "average_time_per_question": 5,
    "created_at": "2024-12-29T18:53:41.053Z",
    "author": 20,
    "slug": "famous-landmarks",
    "page_background": 75,
    "next_quizzes": [
      1,
      3,
      4
    ]
  }
},
{
  "model": "quiz_app.quiz",
  "pk": 3,
  "fields": {
    "unique_id": "1003",
    "title": "Fruits and Berries",
    "description": "What could be tastier than fruits and berries?",
    "music": 4,
    "average_time_per_question": 5,
    "created_at": "2024-12-29T18:54:03.982Z",
    "author": 20,
    "slug": "fruits-and-berries",
    "page_background": 76,
    "next_quizzes": [
      1,
      2,
      4
    ]
  }
},
{
  "model": "quiz_app.quiz",
  "pk": 4,
  "fields": {
    "unique_id": "1004",
    "title": "Geography and Countries",
    "description": "Let's check how well you know geography!",
    "music": 5,
    "average_time_per_question": 5,
    "created_at": "2024-12-29T18:55:54.912Z",
    "author": 20,
    "slug": "geography-and-countries",
    "page_background": 77,
    "next_quizzes": [
      1,
      2,
      3
    ]
  }
},
{
  "model": "quiz_app.question",
  "pk": 1,
  "fields": {
    "quiz": 4,
    "text": "What countries are in the southern hemisphere?",
    "visibility_text": true,
    "question_type": "multiple_choice"
  }
},
{
  "model": "quiz_app.question",
  "pk": 2,
  "fields": {
    "quiz": 4,
    "text": "Where is the longest river?",
    "visibility_text": true,
    "question_type": "text"
  }
},
{
  "model": "quiz_app.question",
  "pk": 3,
  "fields": {
    "quiz": 4,
    "text": "Which country is the smallest in the world?",
    "visibility_text": true,
    "question_type": "text"
  }
},
{
  "model": "quiz_app.question",
  "pk": 4,
  "fields": {
    "quiz": 3,
    "text": "Find the Red Apple",
    "visibility_text": true,
    "question_type": "text"
  }
},
{
  "model": "quiz_app.question",
  "pk": 5,
  "fields": {
    "quiz": 3,
    "text": "Find the Smallest Berry",
    "visibility_text": true,
    "question_type": "text"
  }
},
{
  "model": "quiz_app.question",
  "pk": 6,
  "fields": {
    "quiz": 2,
    "text": "Identify the Eiffel Tower",
    "visibility_text": false,
    "question_type": "text"
  }
},
{
  "model": "quiz_app.question",
  "pk": 7,
  "fields": {
    "quiz": 2,
    "text": "Which landmark is in India?",
    "visibility_text": true,
    "question_type": "text"
  }
},
{
  "model": "quiz_app.question",
  "pk": 8,
  "fields": {
    "quiz": 1,
    "text": "What is the capital of France?",
    "visibility_text": true,
    "question_type": "text"
  }
},
{
  "model": "quiz_app.answer",
  "pk": 1,
  "fields": {
    "question": 1,
    "text": "Russia",
    "alt_text": "Russia",
    "is_correct": false,
    "image_url": 12,
    "sound": 2
  }
},
{
  "model": "quiz_app.answer",
  "pk": 2,
  "fields": {
    "question": 1,
    "text": "Australia",
    "alt_text": "Australia",
    "is_correct": true,
    "image_url": 6,
    "sound": 1
  }
},
{
  "model": "quiz_app.answer",
  "pk": 3,
  "fields": {
    "question": 1,
    "text": "Argentina",
    "alt_text": "Argentina",
    "is_correct": true,
    "image_url": 5,
    "sound": 1
  }
},
{
  "model": "quiz_app.answer",
  "pk": 4,
  "fields": {
    "question": 1,
    "text": "Canada",
    "alt_text": "Canada",
    "is_correct": false,
    "image_url": 8,
    "sound": 2
  }
},
{
  "model": "quiz_app.answer",
  "pk": 5,
  "fields": {
    "question": 2,
    "text": "Egypt",
    "alt_text": "Egypt",
    "is_correct": true,
    "image_url": 9,
    "sound": 1
  }
},
{
  "model": "quiz_app.answer",
  "pk": 6,
  "fields": {
    "question": 2,
    "text": "Brazil",
    "alt_text": "Brazil",
    "is_correct": false,
    "image_url": 7,
    "sound": 2
  }
},
{
  "model": "quiz_app.answer",
  "pk": 7,
  "fields": {
    "question": 2,
    "text": "USA",
    "alt_text": "USA",
    "is_correct": false,
    "image_url": 13,
    "sound": 2
  }
},
{
  "model": "quiz_app.answer",
  "pk": 8,
  "fields": {
    "question": 3,
    "text": "Vatican",
    "alt_text": "Vatican",
    "is_correct": true,
    "image_url": 14,
    "sound": 1
  }
},
{
  "model": "quiz_app.answer",
  "pk": 9,
  "fields": {
    "question": 3,
    "text": "Monaco",
    "alt_text": "Monaco",
    "is_correct": false,
    "image_url": 11,
    "sound": 2
  }
},
{
  "model": "quiz_app.answer",
  "pk": 10,
  "fields": {
    "question": 3,
    "text": "Liechtenstein",
    "alt_text": "Liechtenstein",
    "is_correct": false,
    "image_url": 10,
    "sound": 2
  }
},
{
  "model": "quiz_app.answer",
  "pk": 11,
  "fields": {
    "question": 5,
    "text": "Strawberry",
    "alt_text": "Strawberry",
    "is_correct": false,
    "image_url": 22,
    "sound": 2
  }
},
{
  "model": "quiz_app.answer",
  "pk": 12,
  "fields": {
    "question": 5,
    "text": "Raspberry",
    "alt_text": "Raspberry",
    "is_correct": false,
    "image_url": 21,
    "sound": 2
  }
},
{
  "model": "quiz_app.answer",
  "pk": 13,
  "fields": {
    "question": 5,
    "text": "Blueberry",
    "alt_text": "Blueberry",
    "is_correct": true,
    "image_url": 18,
    "sound": 1
  }
},
{
  "model": "quiz_app.answer",
  "pk": 14,
  "fields": {
    "question": 5,
    "text": "Blackberry",
    "alt_text": "Blackberry",
    "is_correct": false,
    "image_url": 17,
    "sound": 2
  }
},
{
  "model": "quiz_app.answer",
  "pk": 15,
  "fields": {
    "question": 4,
    "text": "Red Apple",
    "alt_text": "Red Apple",
    "is_correct": true,
    "image_url": 16,
    "sound": 1
  }
},
{
  "model": "quiz_app.answer",
  "pk": 16,
  "fields": {
    "question": 4,
    "text": "Green Apple",
    "alt_text": "Green Apple",
    "is_correct": false,
    "image_url": 15,
    "sound": 2
  }
},
{
  "model": "quiz_app.answer",
  "pk": 17,
  "fields": {
    "question": 4,
    "text": "Cherry",
    "alt_text": "Cherry",
    "is_correct": false,
    "image_url": 19,
    "sound": 2
  }
},
{
  "model": "quiz_app.answer",
  "pk": 18,
  "fields": {
    "question": 4,
    "text": "Orange",
    "alt_text": "Orange",
    "is_correct": false,
    "image_url": 20,
    "sound": 2
  }
},
{
  "model": "quiz_app.answer",
  "pk": 19,
  "fields": {
    "question": 6,
    "text": "Eiffel Tower",
    "alt_text": "Eiffel Tower",
    "is_correct": true,
    "image_url": 24,
    "sound": 1
  }
},
{
  "model": "quiz_app.answer",
  "pk": 20,
  "fields": {
    "question": 6,
    "text": "Си Эн Тауэр",
    "alt_text": "Си Эн Тауэр",
    "is_correct": false,
    "image_url": 23,
    "sound": 2
  }
},
{
  "model": "quiz_app.answer",
  "pk": 21,
  "fields": {
    "question": 6,
    "text": "Statue of Liberty",
    "alt_text": "Statue of Liberty",
    "is_correct": false,
    "image_url": 25,
    "sound": 2
  }
},
{
  "model": "quiz_app.answer",
  "pk": 22,
  "fields": {
    "question": 6,
    "text": "Tower Pisa",
    "alt_text": "Tower Pisa",
    "is_correct": false,
    "image_url": 26,
    "sound": 2
  }
},
{
  "model": "quiz_app.answer",
  "pk": 24,
  "fields": {
    "question": 7,
    "text": "Big Ben",
    "alt_text": "Big Ben",
    "is_correct": false,
    "image_url": 27,
    "sound": 2
  }
},
{
  "model": "quiz_app.answer",
  "pk": 25,
  "fields": {
    "question": 7,
    "text": "The Great Wall of China",
    "alt_text": "The Great Wall of China",
    "is_correct": false,
    "image_url": 28,
    "sound": 2
  }
},
{
  "model": "quiz_app.answer",
  "pk": 26,
  "fields": {
    "question": 7,
    "text": "Kremlin",
    "alt_text": "Kremlin",
    "is_correct": false,
    "image_url": 29,
    "sound": 2
  }
},
{
  "model": "quiz_app.answer",
  "pk": 27,
  "fields": {
    "question": 7,
    "text": "Taj Mahal",
    "alt_text": "Taj Mahal",
    "is_correct": true,
    "image_url": 30,
    "sound": 1
  }
},
{
  "model": "quiz_app.answer",
  "pk": 28,
  "fields": {
    "question": 7,
    "text": "Kanchipuram",
    "alt_text": "Kanchipuram",
    "is_correct": true,
    "image_url": 31,
    "sound": 1
  }
},
{
  "model": "quiz_app.answer",
  "pk": 29,
  "fields": {
    "question": 8,
    "text": "Berlin",
    "alt_text": "Berlin",
    "is_correct": false,
    "image_url": 32,
    "sound": 2
  }
},
{
  "model": "quiz_app.answer",
  "pk": 30,
  "fields": {
    "question": 8,
    "text": "London",
    "alt_text": "London",
    "is_correct": false,
    "image_url": 33,
    "sound": 2
  }
},
{
  "model": "quiz_app.answer",
  "pk": 31,
  "fields": {
    "question": 8,
    "text": "Madrid",
    "alt_text": "Madrid",
    "is_correct": false,
    "image_url": 34,
    "sound": 2
  }
},
{
  "model": "quiz_app.answer",
  "pk": 32,
  "fields": {
    "question": 8,
    "text": "Paris",
    "alt_text": "Paris",
    "is_correct": true,
    "image_url": 35,
    "sound": 1
  }
},
{
  "model": "quiz_app.answer",
  "pk": 33,
  "fields": {
    "question": 8,
    "text": "Warsaw",
    "alt_text": "Warsaw",
    "is_correct": false,
    "image_url": 36,
    "sound": 2
  }
},
{
  "model": "quiz_app.image",
  "pk": 5,
  "fields": {
    "file": "images/geography-and-countries/argentina.jpg",
    "title": "argentina",
    "quiz": null,
    "question": 1,
    "containerdragdrop": null,
    "itemdragdrop": null,
    "taskdragdrop": null,
    "taskpixi": null
  }
},
{
  "model": "quiz_app.image",
  "pk": 6,
  "fields": {
    "file": "images/geography-and-countries/australia.jpg",
    "title": "australia",
    "quiz": null,
    "question": 1,
    "containerdragdrop": null,
    "itemdragdrop": null,
    "taskdragdrop": null,
    "taskpixi": null
  }
},
{
  "model": "quiz_app.image",
  "pk": 7,
  "fields": {
    "file": "images/geography-and-countries/brazil.png",
    "title": "brazil",
    "quiz": null,
    "question": 2,
    "containerdragdrop": null,
    "itemdragdrop": null,
    "taskdragdrop": null,
    "taskpixi": null
  }
},
{
  "model": "quiz_app.image",
  "pk": 8,
  "fields": {
    "file": "images/geography-and-countries/canada.jpg",
    "title": "canada",
    "quiz": null,
    "question": 1,
    "containerdragdrop": null,
    "itemdragdrop": null,
    "taskdragdrop": null,
    "taskpixi": null
  }
},
{
  "model": "quiz_app.image",
  "pk": 9,
  "fields": {
    "file": "images/geography-and-countries/egypt.png",
    "title": "egypt",
    "quiz": null,
    "question": 2,
    "containerdragdrop": null,
    "itemdragdrop": null,
    "taskdragdrop": null,
    "taskpixi": null
  }
},
{
  "model": "quiz_app.image",
  "pk": 10,
  "fields": {
    "file": "images/geography-and-countries/liechtenstein.jpg",
    "title": "liechtenstein",
    "quiz": null,
    "question": 3,
    "containerdragdrop": null,
    "itemdragdrop": null,
    "taskdragdrop": null,
    "taskpixi": null
  }
},
{
  "model": "quiz_app.image",
  "pk": 11,
  "fields": {
    "file": "images/geography-and-countries/monaco.jpg",
    "title": "monaco",
    "quiz": null,
    "question": 3,
    "containerdragdrop": null,
    "itemdragdrop": null,
    "taskdragdrop": null,
    "taskpixi": null
  }
},
{
  "model": "quiz_app.image",
  "pk": 12,
  "fields": {
    "file": "images/geography-and-countries/russia.jpg",
    "title": "russia",
    "quiz": null,
    "question": 1,
    "containerdragdrop": null,
    "itemdragdrop": null,
    "taskdragdrop": null,
    "taskpixi": null
  }
},
{
  "model": "quiz_app.image",
  "pk": 13,
  "fields": {
    "file": "images/geography-and-countries/usa.png",
    "title": "usa",
    "quiz": null,
    "question": 2,
    "containerdragdrop": null,
    "itemdragdrop": null,
    "taskdragdrop": null,
    "taskpixi": null
  }
},
{
  "model": "quiz_app.image",
  "pk": 14,
  "fields": {
    "file": "images/geography-and-countries/vatican.jpg",
    "title": "vatican",
    "quiz": null,
    "question": 3,
    "containerdragdrop": null,
    "itemdragdrop": null,
    "taskdragdrop": null,
    "taskpixi": null
  }
},
{
  "model": "quiz_app.image",
  "pk": 15,
  "fields": {
    "file": "images/fruits-and-berries/apple-green.png",
    "title": "apple-green",
    "quiz": null,
    "question": 4,
    "containerdragdrop": null,
    "itemdragdrop": null,
    "taskdragdrop": null,
    "taskpixi": null
  }
},
{
  "model": "quiz_app.image",
  "pk": 16,
  "fields": {
    "file": "images/fruits-and-berries/apple-red.png",
    "title": "apple-red",
    "quiz": null,
    "question": 4,
    "containerdragdrop": null,
    "itemdragdrop": null,
    "taskdragdrop": null,
    "taskpixi": null
  }
},
{
  "model": "quiz_app.image",
  "pk": 17,
  "fields": {
    "file": "images/fruits-and-berries/blackberry.png",
    "title": "blackberry",
    "quiz": null,
    "question": 5,
    "containerdragdrop": null,
    "itemdragdrop": null,
    "taskdragdrop": null,
    "taskpixi": null
  }
},
{
  "model": "quiz_app.image",
  "pk": 18,
  "fields": {
    "file": "images/fruits-and-berries/blueberry.png",
    "title": "blueberry",
    "quiz": null,
    "question": 5,
    "containerdragdrop": null,
    "itemdragdrop": null,
    "taskdragdrop": null,
    "taskpixi": null
  }
},
{
  "model": "quiz_app.image",
  "pk": 19,
  "fields": {
    "file": "images/fruits-and-berries/cherry.png",
    "title": "cherry",
    "quiz": null,
    "question": 4,
    "containerdragdrop": null,
    "itemdragdrop": null,
    "taskdragdrop": null,
    "taskpixi": null
  }
},
{
  "model": "quiz_app.image",
  "pk": 20,
  "fields": {
    "file": "images/fruits-and-berries/orange.png",
    "title": "orange",
    "quiz": null,
    "question": 4,
    "containerdragdrop": null,
    "itemdragdrop": null,
    "taskdragdrop": null,
    "taskpixi": null
  }
},
{
  "model": "quiz_app.image",
  "pk": 21,
  "fields": {
    "file": "images/fruits-and-berries/raspberry.png",
    "title": "raspberry",
    "quiz": null,
    "question": 5,
    "containerdragdrop": null,
    "itemdragdrop": null,
    "taskdragdrop": null,
    "taskpixi": null
  }
},
{
  "model": "quiz_app.image",
  "pk": 22,
  "fields": {
    "file": "images/fruits-and-berries/strawberry.png",
    "title": "strawberry",
    "quiz": null,
    "question": 5,
    "containerdragdrop": null,
    "itemdragdrop": null,
    "taskdragdrop": null,
    "taskpixi": null
  }
},
{
  "model": "quiz_app.image",
  "pk": 23,
  "fields": {
    "file": "images/famous-landmarks/СиЭнТауэр.jpg",
    "title": "CNTower",
    "quiz": null,
    "question": 6,
    "containerdragdrop": null,
    "itemdragdrop": null,
    "taskdragdrop": null,
    "taskpixi": null
  }
},
{
  "model": "quiz_app.image",
  "pk": 24,
  "fields": {
    "file": "images/famous-landmarks/EiffelTower.jpg",
    "title": "EiffelTower",
    "quiz": null,
    "question": 6,
    "containerdragdrop": null,
    "itemdragdrop": null,
    "taskdragdrop": null,
    "taskpixi": null
  }
},
{
  "model": "quiz_app.image",
  "pk": 25,
  "fields": {
    "file": "images/famous-landmarks/StatueLiberty.jpg",
    "title": "StatueLiberty",
    "quiz": null,
    "question": 6,
    "containerdragdrop": null,
    "itemdragdrop": null,
    "taskdragdrop": null,
    "taskpixi": null
  }
},
{
  "model": "quiz_app.image",
  "pk": 26,
  "fields": {
    "file": "images/famous-landmarks/TowerPisa.jpg",
    "title": "TowerPisa",
    "quiz": null,
    "question": 6,
    "containerdragdrop": null,
    "itemdragdrop": null,
    "taskdragdrop": null,
    "taskpixi": null
  }
},
{
  "model": "quiz_app.image",
  "pk": 27,
  "fields": {
    "file": "images/famous-landmarks/big-ben.jpg",
    "title": "Big Ben",
    "quiz": null,
    "question": 7,
    "containerdragdrop": null,
    "itemdragdrop": null,
    "taskdragdrop": null,
    "taskpixi": null
  }
},
{
  "model": "quiz_app.image",
  "pk": 28,
  "fields": {
    "file": "images/famous-landmarks/great-wall-of-china.jpg",
    "title": "The Great Wall of China",
    "quiz": null,
    "question": 7,
    "containerdragdrop": null,
    "itemdragdrop": null,
    "taskdragdrop": null,
    "taskpixi": null
  }
},
{
  "model": "quiz_app.image",
  "pk": 29,
  "fields": {
    "file": "images/famous-landmarks/kremlin-wall.jpg",
    "title": "Kremlin",
    "quiz": null,
    "question": 7,
    "containerdragdrop": null,
    "itemdragdrop": null,
    "taskdragdrop": null,
    "taskpixi": null
  }
},
{
  "model": "quiz_app.image",
  "pk": 30,
  "fields": {
    "file": "images/famous-landmarks/taj-mahal.jpg",
    "title": "Taj Mahal",
    "quiz": null,
    "question": 7,
    "containerdragdrop": null,
    "itemdragdrop": null,
    "taskdragdrop": null,
    "taskpixi": null
  }
},
{
  "model": "quiz_app.image",
  "pk": 31,
  "fields": {
    "file": "images/famous-landmarks/kanchipuram.jpg",
    "title": "Kanchipuram",
    "quiz": null,
    "question": 7,
    "containerdragdrop": null,
    "itemdragdrop": null,
    "taskdragdrop": null,
    "taskpixi": null
  }
},
{
  "model": "quiz_app.image",
  "pk": 32,
  "fields": {
    "file": "images/world-capitals/berlin.png",
    "title": "Berlin",
    "quiz": null,
    "question": 8,
    "containerdragdrop": null,
    "itemdragdrop": null,
    "taskdragdrop": null,
    "taskpixi": null
  }
},
{
  "model": "quiz_app.image",
  "pk": 33,
  "fields": {
    "file": "images/world-capitals/london.png",
    "title": "London",
    "quiz": null,
    "question": 8,
    "containerdragdrop": null,
    "itemdragdrop": null,
    "taskdragdrop": null,
    "taskpixi": null
  }
},
{
  "model": "quiz_app.image",
  "pk": 34,
  "fields": {
    "file": "images/world-capitals/madrid.png",
    "title": "Madrid",
    "quiz": null,
    "question": 8,
    "containerdragdrop": null,
    "itemdragdrop": null,
    "taskdragdrop": null,
    "taskpixi": null
  }
},
{
  "model": "quiz_app.image",
  "pk": 35,
  "fields": {
    "file": "images/world-capitals/paris.jpg",
    "title": "Paris",
    "quiz": null,
    "question": 8,
    "containerdragdrop": null,
    "itemdragdrop": null,
    "taskdragdrop": null,
    "taskpixi": null
  }
},
{
  "model": "quiz_app.image",
  "pk": 36,
  "fields": {
    "file": "images/world-capitals/warsaw.png",
    "title": "Warsaw",
    "quiz": null,
    "question": 8,
    "containerdragdrop": null,
    "itemdragdrop": null,
    "taskdragdrop": null,
    "taskpixi": null
  }
},
{
  "model": "quiz_app.image",
  "pk": 38,
  "fields": {
    "file": "images/containers/cat.png",
    "title": "cat",
    "quiz": null,
    "question": null,
    "containerdragdrop": 1,
    "itemdragdrop": 1,
    "taskdragdrop": null,
    "taskpixi": null
  }
},
{
  "model": "quiz_app.image",
  "pk": 39,
  "fields": {
    "file": "images/unknown/empty.png",
    "title": "empty",
    "quiz": null,
    "question": null,
    "containerdragdrop": null,
    "itemdragdrop": null,
    "taskdragdrop": null,
    "taskpixi": null
  }
},
{
  "model": "quiz_app.image",
  "pk": 40,
  "fields": {
    "file": "images/containers/parrot.png",
    "title": "parrot",
    "quiz": null,
    "question": null,
    "containerdragdrop": 2,
    "itemdragdrop": 3,
    "taskdragdrop": null,
    "taskpixi": null
  }
},
{
  "model": "quiz_app.image",
  "pk": 41,
  "fields": {
    "file": "images/containers/dog.png",
    "title": "dog",
    "quiz": null,
    "question": null,
    "containerdragdrop": 3,
    "itemdragdrop": 2,
    "taskdragdrop": null,
    "taskpixi": null
  }
},
{
  "model": "quiz_app.image",
  "pk": 42,
  "fields": {
    "file": "images/items/rabbit.png",
    "title": "rabbit",
    "quiz": null,
    "question": null,
    "containerdragdrop": null,
    "itemdragdrop": 5,
    "taskdragdrop": null,
    "taskpixi": null
  }
},
{
  "model": "quiz_app.image",
  "pk": 45,
  "fields": {
    "file": "images/tasks/background3.jpg",
    "title": "background3",
    "quiz": null,
    "question": null,
    "containerdragdrop": null,
    "itemdragdrop": null,
    "taskdragdrop": 1,
    "taskpixi": null
  }
},
{
  "model": "quiz_app.image",
  "pk": 46,
  "fields": {
    "file": "images/tasks/background2.jpg",
    "title": "background2",
    "quiz": null,
    "question": null,
    "containerdragdrop": null,
    "itemdragdrop": null,
    "taskdragdrop": 2,
    "taskpixi": null
  }
},
{
  "model": "quiz_app.image",
  "pk": 47,
  "fields": {
    "file": "images/containers/red-house.png",
    "title": "red-house",
    "quiz": null,
    "question": null,
    "containerdragdrop": 5,
    "itemdragdrop": null,
    "taskdragdrop": null,
    "taskpixi": null
  }
},
{
  "model": "quiz_app.image",
  "pk": 48,
  "fields": {
    "file": "images/containers/green-house.png",
    "title": "green-house",
    "quiz": null,
    "question": null,
    "containerdragdrop": 6,
    "itemdragdrop": null,
    "taskdragdrop": null,
    "taskpixi": null
  }
},
{
  "model": "quiz_app.image",
  "pk": 49,
  "fields": {
    "file": "images/containers/blue-house.png",
    "title": "blue-house",
    "quiz": null,
    "question": null,
    "containerdragdrop": 7,
    "itemdragdrop": null,
    "taskdragdrop": null,
    "taskpixi": null
  }
},
{
  "model": "quiz_app.image",
  "pk": 50,
  "fields": {
    "file": "images/items/fish.png",
    "title": "fish",
    "quiz": null,
    "question": null,
    "containerdragdrop": null,
    "itemdragdrop": 10,
    "taskdragdrop": null,
    "taskpixi": null
  }
},
{
  "model": "quiz_app.image",
  "pk": 51,
  "fields": {
    "file": "images/tasks/kitchen-background.jpg",
    "title": "kitchen-background",
    "quiz": null,
    "question": null,
    "containerdragdrop": null,
    "itemdragdrop": null,
    "taskdragdrop": 3,
    "taskpixi": null
  }
},
{
  "model": "quiz_app.image",
  "pk": 52,
  "fields": {
    "file": "images/containers/basket.png",
    "title": "basket",
    "quiz": null,
    "question": null,
    "containerdragdrop": 8,
    "itemdragdrop": null,
    "taskdragdrop": null,
    "taskpixi": null
  }
},
{
  "model": "quiz_app.image",
  "pk": 53,
  "fields": {
    "file": "images/items/carrot.png",
    "title": "carrot",
    "quiz": null,
    "question": null,
    "containerdragdrop": null,
    "itemdragdrop": 11,
    "taskdragdrop": null,
    "taskpixi": null
  }
},
{
  "model": "quiz_app.image",
  "pk": 54,
  "fields": {
    "file": "images/items/apple.png",
    "title": "apple",
    "quiz": null,
    "question": null,
    "containerdragdrop": null,
    "itemdragdrop": 12,
    "taskdragdrop": null,
    "taskpixi": null
  }
},
{
  "model": "quiz_app.image",
  "pk": 55,
  "fields": {
    "file": "images/items/strawberry.png",
    "title": "strawberry",
    "quiz": null,
    "question": null,
    "containerdragdrop": null,
    "itemdragdrop": 13,
    "taskdragdrop": null,
    "taskpixi": null
  }
},
{
  "model": "quiz_app.image",
  "pk": 56,
  "fields": {
    "file": "images/items/banana.png",
    "title": "banana",
    "quiz": null,
    "question": null,
    "containerdragdrop": null,
    "itemdragdrop": 14,
    "taskdragdrop": null,
    "taskpixi": null
  }
},
{
  "model": "quiz_app.image",
  "pk": 57,
  "fields": {
    "file": "images/items/tomato.png",
    "title": "tomato",
    "quiz": null,
    "question": null,
    "containerdragdrop": null,
    "itemdragdrop": 15,
    "taskdragdrop": null,
    "taskpixi": null
  }
},
{
  "model": "quiz_app.image",
  "pk": 58,
  "fields": {
    "file": "images/items/raspberry.png",
    "title": "raspberry",
    "quiz": null,
    "question": null,
    "containerdragdrop": null,
    "itemdragdrop": 16,
    "taskdragdrop": null,
    "taskpixi": null
  }
},
{
  "model": "quiz_app.image",
  "pk": 59,
  "fields": {
    "file": "images/items/pear.png",
    "title": "pear",
    "quiz": null,
    "question": null,
    "containerdragdrop": null,
    "itemdragdrop": 17,
    "taskdragdrop": null,
    "taskpixi": null
  }
},
{
  "model": "quiz_app.image",
  "pk": 60,
  "fields": {
    "file": "images/items/goose.png",
    "title": "goose",
    "quiz": null,
    "question": null,
    "containerdragdrop": null,
    "itemdragdrop": 33,
    "taskdragdrop": null,
    "taskpixi": null
  }
},
{
  "model": "quiz_app.image",
  "pk": 61,
  "fields": {
    "file": "images/pixi/chto-rastet-na-dereve-back.png",
    "title": "chto-rastet-na-dereve-back",
    "quiz": null,
    "question": null,
    "containerdragdrop": null,
    "itemdragdrop": null,
    "taskdragdrop": null,
    "taskpixi": 7
  }
},
{
  "model": "quiz_app.image",
  "pk": 62,
  "fields": {
    "file": "images/pixi/chto-rastet-na-dereve-pixi.png",
    "title": "chto-rastet-na-dereve-pixi",
    "quiz": null,
    "question": null,
    "containerdragdrop": null,
    "itemdragdrop": null,
    "taskdragdrop": null,
    "taskpixi": 7
  }
},
{
  "model": "quiz_app.image",
  "pk": 63,
  "fields": {
    "file": "images/pixi/color-the-picture-back.png",
    "title": "color-the-picture-back",
    "quiz": null,
    "question": null,
    "containerdragdrop": null,
    "itemdragdrop": null,
    "taskdragdrop": null,
    "taskpixi": 1
  }
},
{
  "model": "quiz_app.image",
  "pk": 64,
  "fields": {
    "file": "images/pixi/color-the-picture-pixi.png",
    "title": "color-the-picture-pixi",
    "quiz": null,
    "question": null,
    "containerdragdrop": null,
    "itemdragdrop": null,
    "taskdragdrop": null,
    "taskpixi": 1
  }
},
{
  "model": "quiz_app.image",
  "pk": 65,
  "fields": {
    "file": "images/pixi/find-all-the-squares-back.png",
    "title": "find-all-the-squares-back",
    "quiz": null,
    "question": null,
    "containerdragdrop": null,
    "itemdragdrop": null,
    "taskdragdrop": null,
    "taskpixi": 2
  }
},
{
  "model": "quiz_app.image",
  "pk": 66,
  "fields": {
    "file": "images/pixi/find-all-the-squares-pixi.png",
    "title": "find-all-the-squares-pixi",
    "quiz": null,
    "question": null,
    "containerdragdrop": null,
    "itemdragdrop": null,
    "taskdragdrop": null,
    "taskpixi": 2
  }
},
{
  "model": "quiz_app.image",
  "pk": 67,
  "fields": {
    "file": "images/pixi/find-the-red-squares-back.png",
    "title": "find-the-red-squares-back",
    "quiz": null,
    "question": null,
    "containerdragdrop": null,
    "itemdragdrop": null,
    "taskdragdrop": null,
    "taskpixi": 3
  }
},
{
  "model": "quiz_app.image",
  "pk": 68,
  "fields": {
    "file": "images/pixi/find-the-red-squares-pixi.png",
    "title": "find-the-red-squares-pixi",
    "quiz": null,
    "question": null,
    "containerdragdrop": null,
    "itemdragdrop": null,
    "taskdragdrop": null,
    "taskpixi": 3
  }
},
{
  "model": "quiz_app.image",
  "pk": 69,
  "fields": {
    "file": "images/pixi/gde-nahoditsya-koshka-back.png",
    "title": "gde-nahoditsya-koshka-back",
    "quiz": null,
    "question": null,
    "containerdragdrop": null,
    "itemdragdrop": null,
    "taskdragdrop": null,
    "taskpixi": 6
  }
},
{
  "model": "quiz_app.image",
  "pk": 70,
  "fields": {
    "file": "images/pixi/gde-nahoditsya-koshka-pixi.png",
    "title": "gde-nahoditsya-koshka-pixi",
    "quiz": null,
    "question": null,
    "containerdragdrop": null,
    "itemdragdrop": null,
    "taskdragdrop": null,
    "taskpixi": 6
  }
},
{
  "model": "quiz_app.image",
  "pk": 71,
  "fields": {
    "file": "images/pixi/najdi-vseh-zhivotnyh-back.png",
    "title": "najdi-vseh-zhivotnyh-back",
    "quiz": null,
    "question": null,
    "containerdragdrop": null,
    "itemdragdrop": null,
    "taskdragdrop": null,
    "taskpixi": 5
  }
},
{
  "model": "quiz_app.image",
  "pk": 72,
  "fields": {
    "file": "images/pixi/najdi-vseh-zhivotnyh-pixi.png",
    "title": "najdi-vseh-zhivotnyh-pixi",
    "quiz": null,
    "question": null,
    "containerdragdrop": null,
    "itemdragdrop": null,
    "taskdragdrop": null,
    "taskpixi": 5
  }
},
{
  "model": "quiz_app.image",
  "pk": 73,
  "fields": {
    "file": "images/pixi/select-all-but-squares-back.png",
    "title": "select-all-but-squares-back",
    "quiz": null,
    "question": null,
    "containerdragdrop": null,
    "itemdragdrop": null,
    "taskdragdrop": null,
    "taskpixi": 4
  }
},
{
  "model": "quiz_app.image",
  "pk": 74,
  "fields": {
    "file": "images/pixi/select-all-but-squares-pixi.png",
    "title": "select-all-but-squares-pixi",
    "quiz": null,
    "question": null,
    "containerdragdrop": null,
    "itemdragdrop": null,
    "taskdragdrop": null,
    "taskpixi": 4
  }
},
{
  "model": "quiz_app.image",
  "pk": 75,
  "fields": {
    "file": "images/quizzes/famous-landmarks.png",
    "title": "famous-landmarks",
    "quiz": 2,
    "question": null,
    "containerdragdrop": null,
    "itemdragdrop": null,
    "taskdragdrop": null,
    "taskpixi": null
  }
},
{
  "model": "quiz_app.image",
  "pk": 76,
  "fields": {
    "file": "images/quizzes/fruits-and-berries.png",
    "title": "fruits-and-berries",
    "quiz": 3,
    "question": null,
    "containerdragdrop": null,
    "itemdragdrop": null,
    "taskdragdrop": null,
    "taskpixi": null
  }
},
{
  "model": "quiz_app.image",
  "pk": 77,
  "fields": {
    "file": "images/quizzes/geography-and-countries.png",
    "title": "geography-and-countries",
    "quiz": 4,
    "question": null,
    "containerdragdrop": null,
    "itemdragdrop": null,
    "taskdragdrop": null,
    "taskpixi": null
  }
},
{
  "model": "quiz_app.image",
  "pk": 78,
  "fields": {
    "file": "images/quizzes/world-capitals.png",
    "title": "world-capitals",
    "quiz": 1,
    "question": null,
    "containerdragdrop": null,
    "itemdragdrop": null,
    "taskdragdrop": null,
    "taskpixi": null
  }
},
{
  "model": "quiz_app.sound",
  "pk": 1,
  "fields": {
    "file": "sounds/correct.wav",
    "title": "correct"
  }
},
{
  "model": "quiz_app.sound",
  "pk": 2,
  "fields": {
    "file": "sounds/incorrect.mp3",
    "title": "incorrect"
  }
},
{
  "model": "quiz_app.sound",
  "pk": 3,
  "fields": {
    "file": "sounds/task_completed.wav",
    "title": "task_completed"
  }
},
{
  "model": "quiz_app.music",
  "pk": 1,
  "fields": {
    "file": "musics/color-the-picture.mp3",
    "title": "color-the-picture"
  }
},
{
  "model": "quiz_app.music",
  "pk": 2,
  "fields": {
    "file": "musics/find-all-the-squares.mp3",
    "title": "find-all-the-squares"
  }
},
{
  "model": "quiz_app.music",
  "pk": 3,
  "fields": {
    "file": "musics/find-the-red-squares.mp3",
    "title": "find-the-red-squares"
  }
},
{
  "model": "quiz_app.music",
  "pk": 4,
  "fields": {
    "file": "musics/fruits-and-berries.mp3",
    "title": "fruits-and-berries"
  }
},
{
  "model": "quiz_app.music",
  "pk": 5,
  "fields": {
    "file": "musics/geography-and-countries.mp3",
    "title": "geography-and-countries"
  }
},
{
  "model": "quiz_app.music",
  "pk": 6,
  "fields": {
    "file": "musics/quizzes.mp3",
    "title": "quizzes"
  }
},
{
  "model": "quiz_app.music",
  "pk": 7,
  "fields": {
    "file": "musics/select-all-but-squares.mp3",
    "title": "select-all-but-squares"
  }
},
{
  "model": "quiz_app.music",
  "pk": 8,
  "fields": {
    "file": "musics/tasks.mp3",
    "title": "tasks"
  }
},
{
  "model": "quiz_app.music",
  "pk": 11,
  "fields": {
    "file": "musics/main.mp3",
    "title": "main"
  }
},
{
  "model": "quiz_app.music",
  "pk": 12,
  "fields": {
    "file": "musics/famous-landmarks.mp3",
    "title": "famous-landmarks"
  }
},
{
  "model": "quiz_app.music",
  "pk": 13,
  "fields": {
    "file": "musics/world-capitals.mp3",
    "title": "world-capitals"
  }
},
{
  "model": "quiz_app.music",
  "pk": 14,
  "fields": {
    "file": "musics/find-the-animals.mp3",
    "title": "find-the-animals"
  }
},
{
  "model": "quiz_app.music",
  "pk": 15,
  "fields": {
    "file": "musics/where-is-the-cat.mp3",
    "title": "where-is-the-cat"
  }
},
{
  "model": "quiz_app.music",
  "pk": 16,
  "fields": {
    "file": "musics/find-the-tree-fruits.mp3",
    "title": "find-the-tree-fruits"
  }
}
]
